,StartDate,EndDate,Status,Progress,Duration (in seconds),Finished,RecordedDate,ResponseId,DistributionChannel,UserLanguage,Q2,Q3,Q4,Q21,Q5_1,Q5_2,Q5_3,Q5_4,Q5_5,Q5_6,Q5_7,Q5_8,Q5_9,Q5_10,Q5_11,Q5_12,Q5_13,Q5_14,Q5_15,Q6_1,Q6_2,Q6_3,Q6_4,Q6_5,Q6_6,Q6_7,Q6_8,Q6_9,Q6_10,Q6_11,Q6_12,Q6_13,Q6_14,Q6_15,Q6_16,Q6_17,Q6_18,Q6_19,Q6_20,Q6_21,Q6_22,Q6_23,Q6_24,Q8_1,Q8_2,Q8_3,Q8_4,Q8_5,Q8_6,Q8_7,Q8_8,Q8_9,Q7_1,Q7_2,Q7_3,Q7_4,Q7_5,Q7_6,Q7_7,Q7_8,Q7_9,Q7_10,Q7_11,Q7_12,Q7_13,Q7_14,Q7_15,Q7_16,Q7_17,Q7_18,Q7_19,Q7_20,Q7_21,Q7_22,Q9_1,Q9_2,Q9_3,Q9_4,Q9_5,Q9_6,Q9_7,Q10_1,Q10_2,Q10_3,Q10_4,Q10_5,Q10_6,Q10_7,Q11_1,Q11_2,Q11_3,Q11_4,Q11_5,Q11_6,Q11_7,Q11_8,Q11_9,Q11_10,Q11_11,Q11_12,Q11_13,Q13,Q34,Q15,Q35_1,Q17,Q18,Q19,Q20
Start Date,End Date,Response Type,Progress,Duration (in seconds),Finished,Recorded Date,Response ID,Distribution Channel,User Language,"For the purposes of carrying out this Survey, the University uses the survey tools provided by Qualtrics with whom the University's Faculty of Health and Life Sciences holds an agreement.  There is always a certain element of risk of data loss when data is collected and processed in an internet environment.  This risk cannot be eliminated entirely and participants consenting to take part in the survey need to be aware of this risk. However, personal data will be minimised to the extent possible for the survey and the University believes that Qualtrics offers sufficient guarantees to keep the data secure while it is being processed. These security obligations are set out in the agreement between Qualtrics and the University.  



Further information about Qualtrics can be found on the following web site: http://qualtrics.com/",Please select your Hall,"Enter your Crescent Hall room number here e.g. C2B
(this is required for the analysis as well as to enter the £25 Amazon voucher prize draw)",Enter your Warneford Hall room number here e.g. C2B(this is required for the analysis as well as to enter the £25 Amazon voucher prize draw),Question 1/7: Listed below are statements about the relationship between humans and the environment. To what extent do you agree or disagree with the following statements? - We are approaching the limit  of the number of people the earth can support,Question 1/7: Listed below are statements about the relationship between humans and the environment. To what extent do you agree or disagree with the following statements? - Humans have the right to modify the natural environment to suit their needs,Question 1/7: Listed below are statements about the relationship between humans and the environment. To what extent do you agree or disagree with the following statements? - When humans interfere with nature it often produces disastrous consequences,Question 1/7: Listed below are statements about the relationship between humans and the environment. To what extent do you agree or disagree with the following statements? - Human ingenuity will insure that we do not make the earth unlivable,Question 1/7: Listed below are statements about the relationship between humans and the environment. To what extent do you agree or disagree with the following statements? - Humans are severely abusing the environment,Question 1/7: Listed below are statements about the relationship between humans and the environment. To what extent do you agree or disagree with the following statements? - The earth has plenty of natural resources if we just learn how to develop them,Question 1/7: Listed below are statements about the relationship between humans and the environment. To what extent do you agree or disagree with the following statements? - Plants and animals have as much right as humans to exist,Question 1/7: Listed below are statements about the relationship between humans and the environment. To what extent do you agree or disagree with the following statements? - The balance of nature is strong enough to cope with the impacts of modern industrial nations,Question 1/7: Listed below are statements about the relationship between humans and the environment. To what extent do you agree or disagree with the following statements? - Despite our special abilities humans are still subject to the laws of nature,Question 1/7: Listed below are statements about the relationship between humans and the environment. To what extent do you agree or disagree with the following statements? - The so-called “ecological crisis” facing humankind has been greatly exaggerated,Question 1/7: Listed below are statements about the relationship between humans and the environment. To what extent do you agree or disagree with the following statements? - The earth is like a spaceship with very limited room and resources,Question 1/7: Listed below are statements about the relationship between humans and the environment. To what extent do you agree or disagree with the following statements? - Humans were meant to rule over the rest of nature,Question 1/7: Listed below are statements about the relationship between humans and the environment. To what extent do you agree or disagree with the following statements? - The balance of nature is very delicate and easily upset,Question 1/7: Listed below are statements about the relationship between humans and the environment. To what extent do you agree or disagree with the following statements? - Humans will eventually learn enough about how nature works to be able to control it,"Question 1/7: Listed below are statements about the relationship between humans and the environment. To what extent do you agree or disagree with the following statements? - If things continue on their present course, we will soon experience a major ecological catastrophe","
Question 2/7: Listed below are further statements about the relationship between humans and the environment. To what extent do you agree or disagree with them? - I really like going on trips into the countryside, for example to forests or fields.",Question 2/7: I think spending time in nature is boring.,Question 2/7:  Governments should control the rate at which raw materials are used to ensure that they last as long as possible.,Question 2/7: I am opposed to governments controlling and regulating the way raw materials are used in order to try and make them last longer.,Question 2/7: I would like to join and actively participate in an environmentalist group,Question 2/7: I would NOT get involved in an environmentalist organization.,Question 2/7: One of the most important reasons to keep lakes and rivers clean is so that people have a place to enjoy water sports,"Question 2/7: We need to keep rivers and lakes clean in order to protect the environment, and NOT as places for people to enjoy water sports.",Question 2/7: Modern science will NOT be able to solve our environmental problems,Question 2/7: Modern science will solve our environmental problems.,Question 2/7: Humans are severely abusing the environment.,Question 2/7: I do not believe that the environment has been severely abused by humans., Question 2/7 I’d prefer a garden that is wild and natural to a well groomed and ordered one.," 
Question 2/7: I’d much prefer a garden that is well groomed and ordered to a wild and natural one."," 
Question 2/7: I am NOT the kind of person who makes efforts to conserve natural resources."," 
Question 2/7: Whenever possible, I try to save natural resources."," 
Question 2/7: Human beings were created or evolved to dominate the rest of nature"," 
Question 2/7: I DO NOT believe humans were created or evolved to dominate the rest of nature"," 
Question 2/7: Protecting peoples’ jobs is more important than protecting the environment."," 
Question 2/7: Protecting the environment is more important than protecting peoples’ jobs."," 
Question 2/7: It makes me sad to see forests cleared for agriculture."," 
Question 2/7: It does NOT make me sad to see natural environments destroyed."," 
Question 2/7: Families should be encouraged to limit themselves to two children or less."," 
Question 2/7: A married couple should have as many children as they wish, as long as they can adequately provide for them.","Brilliant.. 40% complete.. 

 
Question 3/7: To what extent do you agree or disagree with the following statements regarding the thermostatic temperature control in your room? - I understand that my choices to lower or raise the setting of my room thermostat has a direct impact on the environment.","Brilliant.. 40% complete.. 

 
Question 3/7: To what extent do you agree or disagree with the following statements regarding the thermostatic temperature control in your room? - I habitually adjust the thermostat setting in my room.","Brilliant.. 40% complete.. 

 
Question 3/7: To what extent do you agree or disagree with the following statements regarding the thermostatic temperature control in your room? - It's a normal thing for people to do to adjust their thermostats, in consideration of the impact on the environment.","Brilliant.. 40% complete.. 

 
Question 3/7: To what extent do you agree or disagree with the following statements regarding the thermostatic temperature control in your room? - It is my responsibility to minimise my energy consumption by adjusting my room’s thermostatic control settings.","Brilliant.. 40% complete.. 

 
Question 3/7: To what extent do you agree or disagree with the following statements regarding the thermostatic temperature control in your room? - I know that adjusting my thermostat setting will change the amount of energy used to heat my room","Brilliant.. 40% complete.. 

 
Question 3/7: To what extent do you agree or disagree with the following statements regarding the thermostatic temperature control in your room? - I fully intend to use my thermostat control to minimise energy usage in the future","Brilliant.. 40% complete.. 

 
Question 3/7: To what extent do you agree or disagree with the following statements regarding the thermostatic temperature control in your room? - I believe that it is morally the right thing to do to use my thermostat control to minimise energy usage","Brilliant.. 40% complete.. 

 
Question 3/7: To what extent do you agree or disagree with the following statements regarding the thermostatic temperature control in your room? - I feel bad when I think about having used energy unnecessarily to heat my room","Brilliant.. 40% complete.. 

 
Question 3/7: To what extent do you agree or disagree with the following statements regarding the thermostatic temperature control in your room? - It would be wrong to use too much energy to heat my room due to the negative consequences on the environment.","Great! You're over 50%..
Question 4/7: How likely are you to engage in the following activities in the next 12 months? If it’s not possible for you to perform an activity, please choose ‘not applicable’. - Sign a petition in support of protecting the environment","Great! You're over 50%..
Question 4/7: How likely are you to engage in the following activities in the next 12 months? If it’s not possible for you to perform an activity, please choose ‘not applicable’. - Join or renew membership of an environmental group","Great! You're over 50%..
Question 4/7: How likely are you to engage in the following activities in the next 12 months? If it’s not possible for you to perform an activity, please choose ‘not applicable’. - Join public demonstrations or protests supporting environmental protection","Great! You're over 50%..
Question 4/7: How likely are you to engage in the following activities in the next 12 months? If it’s not possible for you to perform an activity, please choose ‘not applicable’. - Write a letter or call your member of parliament or another government official to support environmental protection","Great! You're over 50%..
Question 4/7: How likely are you to engage in the following activities in the next 12 months? If it’s not possible for you to perform an activity, please choose ‘not applicable’. - Give money to an environmental group","Great! You're over 50%..
Question 4/7: How likely are you to engage in the following activities in the next 12 months? If it’s not possible for you to perform an activity, please choose ‘not applicable’. - Read a newsletter, magazine or other publication written by an environmental group","Great! You're over 50%..
Question 4/7: How likely are you to engage in the following activities in the next 12 months? If it’s not possible for you to perform an activity, please choose ‘not applicable’. - If a local or national election was called, vote for a candidate in part because he or she was in favour of strong environmental protection","Great! You're over 50%..
Question 4/7: How likely are you to engage in the following activities in the next 12 months? If it’s not possible for you to perform an activity, please choose ‘not applicable’. - Write to a newspaper in support of protecting the environment","Great! You're over 50%..
Question 4/7: How likely are you to engage in the following activities in the next 12 months? If it’s not possible for you to perform an activity, please choose ‘not applicable’. - Boycott companies that are not environmentally friendly","Great! You're over 50%..
Question 4/7: How likely are you to engage in the following activities in the next 12 months? If it’s not possible for you to perform an activity, please choose ‘not applicable’. - Volunteer to help an environmental group or event","Great! You're over 50%..
Question 4/7: How likely are you to engage in the following activities in the next 12 months? If it’s not possible for you to perform an activity, please choose ‘not applicable’. - Post pro-environmental messages or links on social media (for example, Facebook, Twitter)","Great! You're over 50%..
Question 4/7: How likely are you to engage in the following activities in the next 12 months? If it’s not possible for you to perform an activity, please choose ‘not applicable’. - Buy environmentally friendly products","Great! You're over 50%..
Question 4/7: How likely are you to engage in the following activities in the next 12 months? If it’s not possible for you to perform an activity, please choose ‘not applicable’. - Conserve water at home (for example, when cooking or showering)","Great! You're over 50%..
Question 4/7: How likely are you to engage in the following activities in the next 12 months? If it’s not possible for you to perform an activity, please choose ‘not applicable’. - Minimize use of air-conditioning or heating","Great! You're over 50%..
Question 4/7: How likely are you to engage in the following activities in the next 12 months? If it’s not possible for you to perform an activity, please choose ‘not applicable’. - Reduce car travel (for example, walk, cycle, use public transport)","Great! You're over 50%..
Question 4/7: How likely are you to engage in the following activities in the next 12 months? If it’s not possible for you to perform an activity, please choose ‘not applicable’. - Turn off lights and appliances when not in use","Great! You're over 50%..
Question 4/7: How likely are you to engage in the following activities in the next 12 months? If it’s not possible for you to perform an activity, please choose ‘not applicable’. - Avoid or reduce eating meat","Great! You're over 50%..
Question 4/7: How likely are you to engage in the following activities in the next 12 months? If it’s not possible for you to perform an activity, please choose ‘not applicable’. - Recycle","Great! You're over 50%..
Question 4/7: How likely are you to engage in the following activities in the next 12 months? If it’s not possible for you to perform an activity, please choose ‘not applicable’. - Turn off electrical equipment rather than use ‘standby’ mode","Great! You're over 50%..
Question 4/7: How likely are you to engage in the following activities in the next 12 months? If it’s not possible for you to perform an activity, please choose ‘not applicable’. - Eat food which is locally-grown or in season","Great! You're over 50%..
Question 4/7: How likely are you to engage in the following activities in the next 12 months? If it’s not possible for you to perform an activity, please choose ‘not applicable’. - Use car-sharing or car-pooling schemes","Great! You're over 50%..
Question 4/7: How likely are you to engage in the following activities in the next 12 months? If it’s not possible for you to perform an activity, please choose ‘not applicable’. - Buy products with less packaging","Thanks so much, you've completed 75% of the survey.. 
QUESTION 5/7: Please indicate the extent to which you agree or disagree with the following: ""Protecting the environment and its natural resources is important because..."" - It safeguards my family’s future","Thanks so much, you've completed 75% of the survey.. 
QUESTION 5/7: Please indicate the extent to which you agree or disagree with the following: ""Protecting the environment and its natural resources is important because..."" - It is the duty of every student","Thanks so much, you've completed 75% of the survey.. 
QUESTION 5/7: Please indicate the extent to which you agree or disagree with the following: ""Protecting the environment and its natural resources is important because..."" - It repays the natural world for what it has provided for us","Thanks so much, you've completed 75% of the survey.. 
QUESTION 5/7: Please indicate the extent to which you agree or disagree with the following: ""Protecting the environment and its natural resources is important because..."" - It exhibits courage to stand up for what is right","Thanks so much, you've completed 75% of the survey.. 
QUESTION 5/7: Please indicate the extent to which you agree or disagree with the following: ""Protecting the environment and its natural resources is important because..."" - It shows respect for nature","Thanks so much, you've completed 75% of the survey.. 
QUESTION 5/7: Please indicate the extent to which you agree or disagree with the following: ""Protecting the environment and its natural resources is important because..."" - Nobody should take more than their fair share of the world’s natural resources","Thanks so much, you've completed 75% of the survey.. 
QUESTION 5/7: Please indicate the extent to which you agree or disagree with the following: ""Protecting the environment and its natural resources is important because..."" - It preserves our heritage, which is a valuable","85% done.. last page..
Question 6/7: Please indicate the extent to which you agree or disagree with the following: ""Allowing the degradation of the environment and its natural resources is unacceptable because…"" - It is morally wrong","85% done.. last page..
Question 6/7: Please indicate the extent to which you agree or disagree with the following: ""Allowing the degradation of the environment and its natural resources is unacceptable because…"" - It is deserving of punishment","85% done.. last page..
Question 6/7: Please indicate the extent to which you agree or disagree with the following: ""Allowing the degradation of the environment and its natural resources is unacceptable because…"" - It is unfair","85% done.. last page..
Question 6/7: Please indicate the extent to which you agree or disagree with the following: ""Allowing the degradation of the environment and its natural resources is unacceptable because…"" - It is disgusting","85% done.. last page..
Question 6/7: Please indicate the extent to which you agree or disagree with the following: ""Allowing the degradation of the environment and its natural resources is unacceptable because…"" - It is disloyal","85% done.. last page..
Question 6/7: Please indicate the extent to which you agree or disagree with the following: ""Allowing the degradation of the environment and its natural resources is unacceptable because…"" - It is disrespectful","85% done.. last page..
Question 6/7: Please indicate the extent to which you agree or disagree with the following: ""Allowing the degradation of the environment and its natural resources is unacceptable because…"" - It is harmful","Question 7/7: Using the scale provided, please indicate how much each of the following statements reflects how you typically are. - I am good at resisting temptation","Question 7/7: Using the scale provided, please indicate how much each of the following statements reflects how you typically are. - I have a hard time breaking habits","Question 7/7: Using the scale provided, please indicate how much each of the following statements reflects how you typically are. - I am lazy","Question 7/7: Using the scale provided, please indicate how much each of the following statements reflects how you typically are. - I say inappropriate things","Question 7/7: Using the scale provided, please indicate how much each of the following statements reflects how you typically are. - I do certain things that are bad for me, if they are fun","Question 7/7: Using the scale provided, please indicate how much each of the following statements reflects how you typically are. - I refuse things that are bad for me","Question 7/7: Using the scale provided, please indicate how much each of the following statements reflects how you typically are. - I wish I had more self-discipline","Question 7/7: Using the scale provided, please indicate how much each of the following statements reflects how you typically are. - People would say that I have iron self-discipline","Question 7/7: Using the scale provided, please indicate how much each of the following statements reflects how you typically are. - Pleasure and fun sometimes keep me from getting work done","Question 7/7: Using the scale provided, please indicate how much each of the following statements reflects how you typically are. - I have trouble concentrating","Question 7/7: Using the scale provided, please indicate how much each of the following statements reflects how you typically are. - I am able to work effectively toward long-term goals","Question 7/7: Using the scale provided, please indicate how much each of the following statements reflects how you typically are. - Sometimes I can’t stop myself from doing something, even if I know it is wrong","Question 7/7: Using the scale provided, please indicate how much each of the following statements reflects how you typically are. - I often act without thinking through the alternatives",What gender are you?,How old are you (in years)?,What is your ethnic group?,What is your political orientation? - Political orientation,Were you born in the UK?,In which country were you born?,In which country were you raised?,How long have you lived in the UK?,
1,2020-02-05 02:39:37,2020-02-05 02:53:21,IP Address,100,824,True,2020-02-05 02:53:22,R_1Nb2v0pLWj1hcwa,anonymous,EN-GB,I consent to participate in this survey,Crescent Hall,L04F,,2,1,2,-1,2,-2,3,2,2,2,1,1,1,1,1,2,1,0,-1,2,2,1,2,-1,-1,2,3,1,-1,2,2,-1,0,1,1,2,3,0,-1,1,1,1,1,1,1,1,1,1,2,2,2,2,2,2,3,3,3,2,2,3,2,3,3,3,3,3,3,3,3,3,2,2,2,2,2,2,3,2,1,2,2,2,2,2,4,2,2,4,5,4,2,3,2,2,4,4,4,Woman,21,White,5,No,France,France,6 months 
2,2020-02-05 02:42:12,2020-02-05 02:53:52,IP Address,100,699,True,2020-02-05 02:53:53,R_WDHZYiU3YBDIvBf,anonymous,EN-GB,I consent to participate in this survey,Crescent Hall,D03B,,-1,-1,2,-3,3,-2,3,3,3,3,-2,3,-3,3,3,-2,0,-1,-1,0,2,2,1,1,1,2,1,-2,2,2,1,3,3,0,-1,3,3,2,1,-2,2,2,2,2,-2,1,-2,1,7,1,1,1,1,1,4,1,4,1,1,7,7,4,7,7,7,7,4,7,1,7,2,2,-2,-2,-2,-3,-1,2,2,-2,2,-2,2,2,5,5,1,1,4,5,3,3,4,5,2,5,5,Man,19,White,4,Yes,,,
3,2020-02-05 02:40:09,2020-02-05 02:54:36,IP Address,100,867,True,2020-02-05 02:54:37,R_3IRFzNY6FGhNpjN,anonymous,EN-GB,I consent to participate in this survey,Crescent Hall,G02B,,1,2,1,1,2,1,1,2,2,2,1,1,1,0,2,1,2,1,2,0,0,2,1,0,1,1,2,0,-1,1,1,2,2,2,2,1,2,1,0,2,0,0,1,2,1,2,1,1,6,2,2,1,4,4,5,2,3,5,3,5,6,5,7,6,3,7,4,6,5,5,1,1,1,1,1,1,1,1,0,1,1,1,1,1,3,3,3,2,3,3,2,1,3,4,4,4,4,Woman,19,White,3,Yes,,,
4,2020-02-05 02:51:29,2020-02-05 03:02:28,IP Address,100,658,True,2020-02-05 03:02:28,R_0I0r6XvxKVWlR7j,anonymous,EN-GB,I consent to participate in this survey,Warneford Hall,,D01-C,-2,2,-1,2,2,-2,2,1,2,1,-2,1,2,-2,2,2,1,-2,0,-2,-2,2,1,2,1,1,2,-2,-2,2,2,2,-2,1,-1,0,1,-2,-2,2,1,2,2,-2,0,0,-2,1,1,1,1,1,1,1,6,1,1,3,1,5,7,5,6,5,1,7,2,5,6,5,2,2,2,2,2,2,2,2,2,2,2,2,2,2,3,2,3,2,4,2,2,4,2,4,5,4,5,Man,22,White,4,Yes,,,
5,2020-02-05 02:47:35,2020-02-05 03:02:35,IP Address,100,900,True,2020-02-05 03:02:36,R_1qVsF75wtY4C3LC,anonymous,EN-GB,I consent to participate in this survey,Crescent Hall,D01E,,1,2,2,-2,2,-3,1,0,2,2,3,2,3,0,2,0,1,3,3,0,0,2,2,-3,-1,2,3,2,0,1,2,0,0,2,3,2,3,2,-1,2,1,2,2,2,2,2,2,3,5,4,4,4,6,6,6,5,5,5,5,7,7,7,7,7,5,7,7,6,7,7,3,3,3,3,2,3,3,2,2,2,1,2,2,2,4,3,3,4,4,5,4,3,3,4,4,4,3,Man,18,Asian / Asian British,3,No,India ,United Arab Emirates ,Since September of 2019
6,2020-02-05 02:40:22,2020-02-05 03:03:14,IP Address,100,1372,True,2020-02-05 03:03:14,R_phD5GWTauFyLfSp,anonymous,EN-GB,I consent to participate in this survey,Crescent Hall,J02F,,0,-1,2,1,1,1,0,-1,2,0,2,2,1,0,1,2,1,1,2,0,0,1,-1,-2,-2,1,1,0,1,1,1,1,-1,0,0,-1,2,-2,-2,0,1,1,1,-2,1,1,-1,0,5,5,3,4,4,4,5,3,3,5,2,5,3,2,6,5,3,7,6,6,5,6,1,-1,1,3,2,-1,1,2,-1,0,0,1,2,1,1,3,4,2,3,4,1,2,4,3,4,5,4,Woman,21,Asian / Asian British,5,No,Japan,Japan,for half an year
7,2020-02-05 03:00:12,2020-02-05 03:16:24,IP Address,100,971,True,2020-02-05 03:16:25,R_3fwbLJ1SBksNKry,anonymous,EN-GB,I consent to participate in this survey,Warneford Hall,,D06-F,3,2,2,0,2,-1,3,3,0,3,1,-2,2,-1,2,2,1,3,1,0,1,3,2,-1,-1,3,2,-3,-3,2,2,2,1,3,2,1,3,-2,-2,2,3,3,2,3,3,2,2,0,7,1,4,1,6,4,1,1,5,5,7,5,7,3,7,7,4,7,7,7,6,7,3,3,3,3,2,3,2,3,3,3,3,0,1,3,1,2,2,1,1,2,1,1,1,2,5,2,4,Man,21,White,2,Yes,,,
8,2020-02-05 03:07:09,2020-02-05 03:21:50,IP Address,100,880,True,2020-02-05 03:21:50,R_6RsrcLjTlR8mcq5,anonymous,EN-GB,I consent to participate in this survey,Warneford Hall,,A05-B,2,2,-1,-1,1,-1,2,3,1,2,-1,2,1,-2,2,-2,-1,3,2,1,-1,2,2,-1,-1,3,2,-2,-3,1,2,2,2,2,1,1,2,-3,-3,-2,3,-1,-1,-2,-2,-1,-3,-2,7,2,1,2,3,7,5,2,2,3,7,6,6,1,7,7,6,7,6,2,7,7,2,1,1,1,1,2,-1,1,-1,2,-1,-2,2,2,4,2,3,4,5,4,1,2,2,4,4,5,5,Woman,19,White,5,Yes,,,
9,2020-02-05 03:21:02,2020-02-05 03:31:16,IP Address,100,613,True,2020-02-05 03:31:17,R_29g1A6IQ4zmdoIM,anonymous,EN-GB,I consent to participate in this survey,Warneford Hall,,C03-F,1,1,2,1,3,-1,3,-1,1,3,0,2,2,1,3,2,1,2,2,2,3,2,2,-1,NA,3,3,1,2,2,2,1,2,1,-2,2,3,2,-1,1,-2,-1,2,1,2,2,2,3,5,1,3,NA,5,5,4,2,5,4,3,6,6,5,7,7,5,7,6,6,4,6,2,1,1,3,2,2,2,1,-1,3,2,1,2,2,2,2,1,2,2,2,1,2,2,1,2,1,2,Different Identity,21,Asian / Asian British,5,No,Philippines,Britain,16 years
10,2020-02-05 03:22:30,2020-02-05 03:38:34,IP Address,100,963,True,2020-02-05 03:38:34,R_xrUE0FOm4EoXi25,anonymous,EN-GB,I consent to participate in this survey,Warneford Hall,,E09-B,2,-2,0,-1,2,-2,2,2,1,1,1,1,-1,-2,2,1,1,-1,-1,-2,-2,0,1,-2,-1,1,3,-2,-2,2,2,-2,-2,0,0,1,2,-1,-1,2,0,2,1,3,1,2,0,1,2,1,1,1,2,2,2,1,2,2,1,4,5,6,7,7,1,7,7,5,4,4,1,0,1,1,2,2,2,2,-2,1,-1,-2,-1,2,3,3,3,5,4,3,4,3,3,5,5,5,5,Man,19,White,4,No,France,France,1 month
11,2020-02-05 03:31:49,2020-02-05 03:40:01,IP Address,100,491,True,2020-02-05 03:40:01,R_3PuWc1lBbHOITu8,anonymous,EN-GB,I consent to participate in this survey,Warneford Hall,,B03-F,2,-1,1,2,2,-1,2,3,3,3,-2,2,1,2,3,1,3,0,1,-2,1,0,2,1,2,2,2,-1,0,2,-1,1,2,1,2,1,1,-1,-2,-2,-2,-1,-2,1,0,-2,-2,-2,5,2,2,3,3,3,7,2,5,4,5,5,5,4,6,7,7,5,2,6,2,6,2,-1,1,0,1,1,2,-1,-2,1,-1,-2,1,2,4,4,2,5,4,4,5,3,2,1,4,4,3,Woman,21,White,6,No,Australia ,Uk,19
12,2020-02-05 03:51:06,2020-02-05 03:59:52,IP Address,100,526,True,2020-02-05 03:59:52,R_73pUwYGZTLAAwLf,anonymous,EN-GB,I consent to participate in this survey,Warneford Hall,,A07-C,1,-1,0,0,1,0,2,0,0,0,1,0,1,-1,0,1,1,0,0,0,0,0,1,0,0,0,0,0,-1,0,1,0,0,0,0,0,0,0,-1,0,1,1,1,0,0,0,0,0,4,4,4,4,4,4,4,4,4,4,4,5,4,5,6,6,4,6,6,4,5,4,1,0,0,0,1,0,1,0,0,0,0,0,0,0,4,3,3,3,3,3,3,3,3,3,4,3,3,Woman,19,Asian / Asian British,3,Yes,,,
13,2020-02-05 03:53:27,2020-02-05 04:01:43,IP Address,100,496,True,2020-02-05 04:01:44,R_3G0NxkAA9noy9sR,anonymous,EN-GB,I consent to participate in this survey,Crescent Hall,L06E,,0,-1,1,1,3,-1,3,-1,3,1,0,3,0,1,1,3,3,1,3,2,3,2,2,-2,0,3,3,3,3,3,2,3,3,2,1,2,3,2,0,2,1,2,1,3,0,0,2,1,7,4,5,5,3,7,7,4,5,7,7,7,6,7,8,7,4,6,5,7,8,7,3,3,3,3,3,3,3,3,3,3,3,3,3,3,2,3,2,2,5,3,3,1,4,5,5,4,4,Woman,35,White,6,Yes,,,
14,2020-02-05 03:56:35,2020-02-05 04:06:25,IP Address,100,589,True,2020-02-05 04:06:25,R_2qyLvRL91VRIAAh,anonymous,EN-GB,I consent to participate in this survey,Crescent Hall,L04D,,2,-2,2,-2,2,-2,2,2,1,-2,-2,-2,2,-2,3,2,-2,2,-2,2,-2,-2,2,1,-2,2,-2,2,-2,-1,1,-2,0,-2,2,2,0,2,-1,2,-2,-1,1,2,1,-1,1,-1,5,7,3,5,6,4,5,3,6,4,4,6,5,6,7,6,6,6,5,4,7,5,3,1,2,1,2,1,2,2,2,3,2,2,3,1,2,4,4,4,4,4,4,4,4,4,2,4,4,Woman,26,Asian / Asian British,3,No,Singapore ,Singapore ,3
15,2020-02-05 03:58:36,2020-02-05 04:07:31,IP Address,100,535,True,2020-02-05 04:07:32,R_1rAOEcE7QzbvFfK,anonymous,EN-GB,I consent to participate in this survey,Warneford Hall,,D09-F,2,-2,3,1,1,-2,2,-2,1,-1,2,-2,1,1,0,3,-1,2,NA,0,1,2,2,-1,0,2,3,-2,1,1,-1,-2,-2,0,-1,0,3,0,-2,0,1,-1,1,3,1,1,0,-1,2,3,3,6,3,6,6,8,6,2,8,4,6,4,5,4,3,6,2,2,1,2,0,0,-2,-1,1,-1,-2,2,1,2,2,2,2,2,3,3,3,4,3,4,2,4,4,3,4,4,4,Woman,20,White,3,Yes,,,
16,2020-02-05 04:02:01,2020-02-05 04:12:52,IP Address,100,651,True,2020-02-05 04:12:53,R_ST5Wc5ngN3KNrEt,anonymous,EN-GB,I consent to participate in this survey,Warneford Hall,,D02-B,2,-2,2,-1,2,0,1,2,2,3,1,0,1,-1,3,2,2,1,0,0,0,0,1,-1,-1,2,3,0,-1,1,2,2,3,0,0,2,3,1,-1,2,-3,0,2,3,1,1,1,2,6,3,3,3,4,3,5,3,4,4,8,5,3,4,6,6,5,7,5,5,4,5,2,2,0,1,1,2,2,2,1,2,2,0,1,3,4,2,2,2,2,3,2,3,2,3,4,3,3,Woman,21,White,4,Yes,,,
17,2020-02-05 04:18:41,2020-02-05 04:25:26,IP Address,100,404,True,2020-02-05 04:25:26,R_1GH15mulMZhnKNP,anonymous,EN-GB,I consent to participate in this survey,Warneford Hall,,D09-A,1,-2,1,1,2,2,3,2,3,3,1,2,0,1,2,0,1,0,3,-1,1,3,0,0,0,1,2,2,2,1,1,0,1,1,0,1,0,-1,0,2,2,2,3,2,2,1,2,1,7,4,3,4,4,4,7,4,6,4,4,7,6,7,7,7,5,7,6,4,4,5,2,-1,1,-1,1,3,-1,2,0,2,2,-1,2,2,2,4,5,4,4,2,5,1,4,4,5,4,5,Woman,21,White,5,Yes,,,
18,2020-02-05 04:16:57,2020-02-05 04:29:39,IP Address,100,761,True,2020-02-05 04:29:39,R_ylqrJ13GVvHDVMl,anonymous,EN-GB,I consent to participate in this survey,Crescent Hall,A02F,,3,3,2,2,3,-3,3,3,3,3,0,2,3,-2,3,3,3,3,3,3,3,3,1,1,0,3,3,3,3,3,3,3,3,3,3,3,3,0,-3,3,1,2,3,3,2,-1,3,3,6,6,5,5,5,7,7,5,7,6,7,7,7,7,5,7,7,7,7,7,7,7,3,3,3,3,3,3,1,3,2,2,0,2,3,3,5,1,4,4,3,5,4,5,4,4,5,4,5,Woman,23,White,3,No,Poland,Poland,16 months
19,2020-02-05 04:16:19,2020-02-05 04:36:16,IP Address,100,1196,True,2020-02-05 04:36:16,R_OetwxkC5652AbN7,anonymous,EN-GB,I consent to participate in this survey,Warneford Hall,,A06-E,0,2,3,-1,2,-2,3,3,3,3,1,3,2,2,2,3,3,3,3,1,1,0,-1,0,0,3,3,0,0,3,2,3,3,3,3,3,3,0,-2,3,3,0,2,3,2,2,2,2,6,2,3,2,4,5,7,1,3,2,4,5,7,3,8,7,3,8,5,3,1,4,3,3,3,3,3,3,3,3,3,3,3,3,3,3,4,2,2,2,3,2,1,2,4,4,4,2,5,Woman,55,White,6,No,Canada,Canada,"13 months, but split up not consecutively"
20,2020-02-05 04:45:46,2020-02-05 05:01:27,IP Address,100,941,True,2020-02-05 05:01:28,R_2TZUXATR8ce5WZf,anonymous,EN-GB,I consent to participate in this survey,Crescent Hall,D01G,,2,2,2,2,3,0,2,2,3,3,1,2,2,2,3,2,2,2,0,2,2,0,1,0,-1,3,3,1,0,2,2,2,2,2,0,3,3,0,-2,0,2,-2,1,2,0,1,0,1,7,4,4,4,4,4,6,4,4,4,5,5,5,4,5,5,5,6,5,5,5,5,1,0,2,1,2,0,2,2,-1,2,2,0,2,2,3,1,2,3,2,2,1,2,2,1,3,3,2,Woman,18,White,4,Yes,,,
21,2020-02-05 05:15:09,2020-02-05 05:24:06,IP Address,100,536,True,2020-02-05 05:24:06,R_3gX9x4urFV1Vehu,anonymous,EN-GB,I consent to participate in this survey,Warneford Hall,,A01-A,0,0,-1,0,3,-2,3,2,3,0,1,2,2,2,1,1,3,2,-2,3,2,-3,2,0,0,2,2,-1,-1,-1,1,3,3,0,0,1,3,-2,-3,0,2,1,0,1,1,-1,-2,0,5,5,4,4,3,6,5,5,6,6,6,6,7,5,7,7,3,7,7,5,6,4,1,1,1,3,3,2,1,3,0,0,0,1,3,3,3,3,3,4,1,3,1,5,1,1,5,2,2,Man,21,Asian / Asian British,6,Yes,,,
22,2020-02-05 05:09:42,2020-02-05 05:25:46,IP Address,100,964,True,2020-02-05 05:25:46,R_2xDaNHlAcdY33wJ,anonymous,EN-GB,I consent to participate in this survey,Crescent Hall,C01F,,1,-2,2,-1,2,-3,-1,2,2,3,-1,-2,2,-2,2,-1,-1,2,2,-1,-1,3,2,-2,-2,3,3,-1,-2,2,2,-2,-2,-1,1,1,2,2,-1,3,3,2,3,3,3,3,3,3,3,3,1,3,5,5,7,3,5,5,3,6,7,6,7,7,3,7,5,5,6,6,3,2,2,2,2,2,2,2,1,2,2,1,2,3,5,4,5,4,4,4,3,5,4,4,4,4,3,Woman,19,White,3,Yes,,,
23,2020-02-05 05:16:01,2020-02-05 05:31:38,IP Address,100,936,True,2020-02-05 05:31:38,R_1QEFRzIknL5RGRB,anonymous,EN-GB,I consent to participate in this survey,Crescent Hall,C01A,,1,-1,1,-1,3,-2,1,1,3,3,1,2,2,2,3,3,3,1,2,0,1,2,1,-1,1,2,3,1,3,2,1,1,1,0,0,2,3,0,0,1,1,1,1,1,0,1,1,1,7,3,3,2,4,5,7,1,4,4,3,6,5,5,5,7,4,7,5,6,8,6,2,2,0,1,1,1,0,1,-1,1,0,-1,1,2,3,2,2,3,3,4,2,3,4,2,4,4,3,Woman,20,White,4,Yes,,,
24,2020-02-05 05:32:15,2020-02-05 05:43:22,IP Address,100,666,True,2020-02-05 05:43:22,R_2ffWDaetjuZnYto,anonymous,EN-GB,I consent to participate in this survey,Crescent Hall,C02A,,2,3,2,-1,3,-2,2,2,1,2,2,3,3,-1,3,2,0,2,1,2,2,1,2,0,-1,2,2,0,1,2,2,2,1,2,3,3,3,0,1,0,1,0,1,1,1,1,0,1,6,5,5,8,5,5,6,8,6,5,8,4,6,6,8,7,7,6,5,5,7,7,3,3,2,3,3,3,1,2,1,2,2,1,2,2,3,1,4,3,4,4,2,2,3,2,3,4,3,Woman,18,White,6,Yes,,,
25,2020-02-05 05:37:39,2020-02-05 05:50:09,IP Address,100,750,True,2020-02-05 05:50:10,R_3Ry17owvcNXRIg1,anonymous,EN-GB,I consent to participate in this survey,Warneford Hall,,F04-D,-3,-1,-3,-1,3,-2,-3,3,3,3,-3,0,-3,0,2,-1,1,1,2,-1,-1,3,2,-2,-2,3,3,2,2,-1,2,3,2,0,1,2,2,0,-3,-3,3,2,-3,-3,-3,-3,2,-3,4,1,5,1,1,1,7,1,5,4,2,4,7,4,8,7,3,7,5,7,1,5,-3,-3,-3,-3,3,-3,-3,2,2,2,2,0,2,2,1,1,1,4,1,2,1,1,2,1,3,5,3,Man,24,White,7 = Very liberal,No,United States,"United States 1995-2008, UK 2008-",12 years
26,2020-02-05 06:13:13,2020-02-05 06:30:14,IP Address,100,1021,True,2020-02-05 06:30:15,R_3kFZZNXOZLY4tKD,anonymous,EN-GB,I consent to participate in this survey,Warneford Hall,,A01-E,3,-2,0,-1,3,-2,3,3,3,-1,3,2,1,3,3,3,3,2,3,3,3,3,3,-2,-1,3,3,0,2,3,2,3,-3,0,3,2,3,2,0,2,0,2,2,2,2,2,0,2,7,7,4,4,4,7,7,7,7,7,4,7,7,7,7,7,7,7,7,7,4,7,3,3,3,3,3,3,3,3,3,3,3,3,3,3,4,3,2,4,4,4,2,2,2,2,4,2,4,Man,20,White,4,Yes,,,
27,2020-02-05 06:23:11,2020-02-05 06:32:42,IP Address,100,570,True,2020-02-05 06:32:42,R_2TTZcuaB0cbTgj6,anonymous,EN-GB,I consent to participate in this survey,Crescent Hall,L03F,,1,3,3,1,3,-3,3,3,3,3,1,3,2,1,3,3,3,0,-3,3,3,3,2,-1,0,3,3,0,1,3,3,3,2,3,-3,3,3,-1,-2,3,1,-3,3,3,3,3,3,3,7,1,7,5,7,7,7,4,7,7,7,7,5,7,7,7,6,7,7,7,8,7,3,3,3,3,3,3,3,2,3,3,1,3,2,3,5,2,4,5,5,3,4,4,5,5,5,5,5,Woman,22,White,4,Yes,,,
28,2020-02-05 06:29:35,2020-02-05 06:39:04,IP Address,100,569,True,2020-02-05 06:39:04,R_0D7MxrEluUAIy4h,anonymous,EN-GB,I consent to participate in this survey,Warneford Hall,,F05-A,2,0,-1,-1,2,-3,0,1,1,1,1,0,2,-1,2,2,3,0,0,1,2,3,2,-1,-1,0,2,-1,-1,2,1,-1,-1,0,1,3,3,2,2,1,-2,0,1,2,2,0,1,-1,7,4,3,1,5,3,1,1,1,3,1,4,4,5,2,7,1,7,5,5,7,5,2,0,3,0,2,1,1,1,-2,2,0,0,2,2,2,2,3,3,2,3,1,1,1,2,4,3,2,Woman,22,White,3,Yes,,,
29,2020-02-05 06:29:26,2020-02-05 06:42:59,IP Address,100,812,True,2020-02-05 06:42:59,R_3QL7PPXSVazo4M2,anonymous,EN-GB,I consent to participate in this survey,Warneford Hall,,F02-B,3,1,3,2,3,-2,3,3,3,3,3,3,1,2,3,2,3,3,2,3,2,0,2,1,2,2,3,2,-1,2,2,2,2,2,2,3,3,1,2,3,0,0,2,2,2,2,2,2,7,7,7,4,5,4,7,3,7,6,7,7,7,6,6,7,7,7,5,6,6,7,3,2,2,2,3,3,-1,3,2,3,3,2,2,3,5,4,3,4,4,1,5,3,4,5,5,5,4,Woman,21,White,6,Yes,,,
30,2020-02-05 06:43:14,2020-02-05 07:07:11,IP Address,100,1437,True,2020-02-05 07:07:12,R_blJA5ceFcN9Re81,anonymous,EN-GB,I consent to participate in this survey,Crescent Hall,J05D,,1,1,2,-1,2,-3,2,-1,1,-1,2,0,2,-2,2,1,3,0,0,1,0,2,2,2,2,2,2,2,2,0,1,2,-1,0,1,-2,2,0,1,2,2,2,1,2,0,1,-2,2,3,3,5,3,3,5,4,2,3,4,4,3,4,3,6,7,3,6,6,5,6,4,0,1,1,1,2,0,2,2,1,0,2,2,1,2,3,1,2,2,4,5,1,5,2,3,4,2,2,Woman,42,Asian / Asian British,5,No,Japan,Japan,1 year
31,2020-02-05 06:45:03,2020-02-05 07:22:22,IP Address,100,2239,True,2020-02-05 07:22:23,R_qIQTCTbxaQ49Wp3,anonymous,EN-GB,I consent to participate in this survey,Crescent Hall,J04B,,1,-3,1,-3,2,0,1,-1,0,1,1,-3,1,-2,2,2,2,2,1,-1,1,-1,-1,-3,-2,2,2,-1,-1,1,0,-3,-3,1,0,1,2,-3,-3,-3,1,1,-1,0,0,0,-2,-1,6,2,4,3,4,4,7,2,4,1,4,3,3,3,3,6,2,5,3,5,4,4,1,0,2,0,1,-1,3,3,-2,0,1,1,1,2,3,2,3,3,2,4,1,3,1,2,4,2,5,Man,19,White,4,Yes,,,
32,2020-02-05 07:17:39,2020-02-05 07:29:43,IP Address,100,724,True,2020-02-05 07:29:44,R_1OOdJL7CVDCnbyK,anonymous,EN-GB,I consent to participate in this survey,Warneford Hall,,F02-D,2,-1,2,-1,3,-1,3,2,2,-1,2,2,1,1,1,2,3,3,-3,1,1,2,3,1,1,2,2,3,2,1,3,3,1,2,1,3,3,-2,-2,3,1,1,2,3,3,2,3,3,7,3,3,2,5,5,6,2,6,3,6,7,6,7,7,7,8,7,6,7,7,7,3,3,2,2,2,2,2,2,2,2,3,2,3,3,2,2,3,2,1,3,1,2,1,1,4,2,3,Woman,21,White,5,Yes,,,
33,2020-02-05 07:32:50,2020-02-05 08:00:59,IP Address,100,1688,True,2020-02-05 08:01:00,R_1d01Vs4mM1b4ltm,anonymous,EN-GB,I consent to participate in this survey,Crescent Hall,C01C,,3,2,1,2,3,-1,3,3,3,2,2,1,1,1,2,1,3,3,3,1,1,2,3,0,0,3,2,1,1,-1,0,2,2,1,1,3,2,3,3,-1,2,1,-1,2,-1,-2,0,1,4,2,2,1,2,4,6,1,6,5,6,6,5,5,7,7,3,7,6,5,4,7,2,1,0,0,2,3,1,2,1,0,0,0,2,3,3,5,2,1,1,2,1,1,1,3,4,4,2,Man,22,White,7 = Very liberal,Yes,,,
34,2020-02-05 08:35:48,2020-02-05 08:44:47,IP Address,100,538,True,2020-02-05 08:44:47,R_3snO52BVCGKvHz2,anonymous,EN-GB,I consent to participate in this survey,Warneford Hall,,D010-A,1,3,2,0,3,-3,3,2,2,3,1,-1,3,0,3,3,3,1,0,3,3,3,3,2,3,3,3,3,2,3,3,0,0,2,3,3,3,-2,-2,2,-2,0,3,2,2,2,2,2,7,7,7,7,7,7,7,5,5,7,7,7,7,7,7,7,7,7,7,7,7,7,3,3,3,3,3,3,3,3,3,3,3,3,3,3,5,5,4,4,3,5,2,3,3,3,5,5,4,Woman,22,White,4,Yes,,,
35,2020-02-05 08:50:15,2020-02-05 09:00:58,IP Address,100,643,True,2020-02-05 09:00:59,R_2YgHWcXAGP6Aail,anonymous,EN-GB,I consent to participate in this survey,Crescent Hall,F03D,,-1,-1,3,2,3,1,3,2,3,2,3,3,3,0,3,0,2,1,1,1,2,2,2,-2,-2,3,3,1,1,3,3,3,3,2,2,3,3,0,-2,3,-1,3,3,3,3,3,3,3,7,4,5,4,5,7,7,4,6,5,7,NA,6,7,7,7,7,7,7,6,6,7,3,3,3,3,3,3,3,3,-1,3,2,0,3,3,4,3,3,4,2,4,1,2,2,2,4,4,4,Man,20,White,7 = Very liberal,No,Poland,Poland,1 year
36,2020-02-05 09:25:08,2020-02-05 09:41:20,IP Address,100,972,True,2020-02-05 09:41:21,R_27CeipUyifvg3dH,anonymous,EN-GB,I consent to participate in this survey,Crescent Hall,J05A,,NA,1,-1,1,1,-2,3,2,3,0,1,0,2,2,0,2,3,1,1,2,2,2,3,0,0,-1,3,-1,-1,3,1,-2,-1,1,1,2,3,0,0,2,2,2,2,2,2,2,2,2,7,6,4,8,4,5,5,8,6,6,4,7,6,6,6,7,1,7,1,7,6,7,3,3,3,3,3,3,3,3,0,3,0,3,3,3,3,4,4,4,5,3,3,3,4,2,3,5,4,Woman,22,White,4,No,Brazil,Brazil,6mounths
37,2020-02-05 09:32:30,2020-02-05 09:41:25,IP Address,100,535,True,2020-02-05 09:41:26,R_3QM1kdJuSDjC4dY,anonymous,EN-GB,I consent to participate in this survey,Warneford Hall,,E08-E,3,1,2,1,3,-3,3,-1,2,3,1,2,2,1,3,3,3,3,2,1,1,1,3,1,1,3,3,1,1,2,2,2,3,1,1,3,3,1,1,2,2,2,2,2,1,1,2,2,7,4,4,5,5,6,7,5,6,5,5,6,7,5,6,7,5,7,7,6,3,7,3,2,3,1,3,3,3,3,2,3,3,2,3,3,3,1,1,3,3,3,1,2,2,3,4,2,1,Woman,19,Mixed / Multiple ethnic groups,4,No,France ,France ,1 month
38,2020-02-05 09:30:40,2020-02-05 09:44:12,IP Address,100,812,True,2020-02-05 09:44:13,R_8vlwTGLrfcgUEjT,anonymous,EN-GB,I consent to participate in this survey,Warneford Hall,,F02-A,3,0,3,2,2,-2,3,2,2,3,3,-1,2,2,3,3,3,3,3,2,2,2,3,-2,-2,2,3,0,0,-2,2,3,2,2,3,2,3,2,3,2,2,0,2,2,2,2,1,2,5,1,1,1,1,1,7,1,6,1,7,7,7,7,7,7,7,7,7,7,8,7,3,3,2,3,3,3,3,3,2,2,2,0,2,2,3,2,5,5,4,3,5,4,4,5,5,5,5,Woman,22,White,7 = Very liberal,Yes,,,
39,2020-02-05 09:56:06,2020-02-05 10:05:47,IP Address,100,581,True,2020-02-05 10:05:48,R_1nPxQ7kWlJ7gQJu,anonymous,EN-GB,I consent to participate in this survey,Warneford Hall,,F08-C,3,1,3,-1,3,-1,3,3,2,1,2,-1,3,-1,3,3,3,3,0,1,2,3,2,2,2,3,3,2,1,1,2,1,1,0,-1,3,3,-1,-1,2,2,2,2,2,3,2,1,3,7,4,6,3,6,5,7,3,7,3,5,5,3,6,5,7,5,7,5,5,3,6,3,3,2,2,3,3,3,3,3,2,1,2,3,3,1,1,2,2,3,1,1,3,2,1,3,1,3,Man,23,White,7 = Very liberal,Yes,,,
40,2020-02-05 09:36:12,2020-02-05 10:17:21,IP Address,100,2468,True,2020-02-05 10:17:21,R_2YREyZMmuHNhfkJ,anonymous,EN-GB,I consent to participate in this survey,Warneford Hall,,B02-D,1,2,2,-1,3,-1,2,2,1,2,2,1,2,1,3,2,2,0,0,0,0,2,3,1,1,2,2,2,1,1,0,0,1,0,0,1,2,-1,-1,-1,-1,1,1,1,0,1,-1,1,5,5,2,8,6,2,8,1,2,7,8,5,3,6,6,7,2,7,7,5,8,2,2,2,3,2,3,2,2,3,2,2,2,2,2,3,3,2,1,2,2,4,1,2,2,1,2,2,3,Man,21,Mixed / Multiple ethnic groups,5,No,Spain,Spain,Past 4 years
41,2020-02-05 10:00:25,2020-02-05 10:17:33,IP Address,100,1028,True,2020-02-05 10:17:33,R_2UheRQdGCpL5P8t,anonymous,EN-GB,I consent to participate in this survey,Warneford Hall,,F01-F,1,1,2,-1,3,-1,3,1,2,2,1,2,1,3,1,3,2,-1,0,1,1,2,1,-1,-1,2,2,2,2,2,0,2,0,0,0,2,2,-1,-1,0,1,-1,1,2,2,2,0,1,6,5,3,1,3,5,6,1,4,5,6,5,4,4,6,5,7,6,6,5,1,5,2,2,2,1,3,1,1,1,-1,2,1,1,2,2,3,3,3,4,5,4,3,2,1,3,4,4,5,Man,21,White,4,Yes,,,
42,2020-02-05 10:24:19,2020-02-05 10:53:20,IP Address,100,1740,True,2020-02-05 10:53:21,R_2VmyHAKcUerWoJE,anonymous,EN-GB,I consent to participate in this survey,Warneford Hall,,B04-F,3,1,1,-1,1,-1,2,0,1,0,1,1,0,-1,2,2,2,2,0,0,1,1,1,0,0,1,2,0,0,1,2,1,1,0,0,2,2,0,-1,2,-1,-1,1,3,2,2,2,1,6,5,1,1,4,6,4,1,4,5,1,5,6,5,6,6,6,7,5,4,5,5,2,2,1,1,2,2,2,2,0,2,2,1,2,2,3,2,3,4,4,3,3,3,4,3,4,4,3,Woman,21,White,4,Yes,,,
43,2020-02-05 10:40:32,2020-02-05 11:03:14,IP Address,100,1361,True,2020-02-05 11:03:14,R_1jj2LwV0yaip2wd,anonymous,EN-GB,I consent to participate in this survey,Warneford Hall,,D09-B,0,-1,2,2,2,2,2,1,2,2,2,-2,1,1,2,3,3,1,2,0,2,2,1,1,2,-2,3,0,0,2,-1,2,2,0,0,2,3,-1,-2,1,-2,-2,2,2,2,2,0,2,6,4,4,2,1,6,6,1,3,4,2,4,3,5,7,7,6,7,6,5,6,7,2,1,3,-1,1,2,1,2,0,0,1,-1,NA,3,4,2,4,3,4,4,3,3,4,3,4,4,4,Woman,22,White,4,Yes,,,
44,2020-02-05 11:36:49,2020-02-05 11:48:06,IP Address,100,676,True,2020-02-05 11:48:06,R_emIT8R8YgkdT8bf,anonymous,EN-GB,I consent to participate in this survey,Warneford Hall,,D04-E,0,-2,-2,-2,1,-3,1,-1,3,-1,1,-3,0,-2,0,1,0,2,-1,-3,-3,3,3,-2,-2,-1,-1,-3,-3,1,1,-3,-2,0,0,2,1,0,0,2,2,3,2,3,3,2,2,2,5,1,1,1,1,3,5,1,3,1,1,5,6,6,7,6,2,7,4,3,6,5,1,-1,2,0,2,1,1,0,2,2,0,1,2,2,4,1,2,4,3,3,1,3,2,1,4,3,3,Man,19,White,3,Yes,,,
45,2020-02-05 11:42:21,2020-02-05 12:26:03,IP Address,100,2621,True,2020-02-05 12:26:03,R_1ptl9HKkWV9Y71A,anonymous,EN-GB,I consent to participate in this survey,Warneford Hall,,D06-D,2,1,1,0,2,-1,3,2,3,1,3,3,1,-1,1,0,1,2,2,-2,-2,-1,-1,-2,-2,3,2,-2,-1,1,1,3,3,0,1,2,2,1,-2,2,-1,-1,1,3,1,2,-2,1,5,1,3,1,1,1,5,1,5,3,2,7,5,5,1,6,1,7,5,6,3,5,3,1,-2,2,-2,1,-1,1,-2,2,1,1,-2,2,3,4,3,2,2,4,1,3,2,3,4,4,4,Man,21,White,3,Yes,,,
46,2020-02-05 12:28:32,2020-02-05 12:42:01,IP Address,100,809,True,2020-02-05 12:42:02,R_xnMXCOJ03AcjJXb,anonymous,EN-GB,I consent to participate in this survey,Crescent Hall,A02G,,2,2,1,2,2,-3,3,2,1,2,1,2,3,-2,2,2,3,1,-1,1,3,2,1,-2,0,3,1,-1,-1,3,3,3,3,3,3,3,3,-3,-3,3,3,-1,3,3,3,3,3,3,7,1,1,1,2,3,4,1,1,5,1,7,5,7,7,7,7,7,7,4,7,7,3,0,3,3,2,3,3,3,3,3,3,3,3,3,1,2,5,5,1,3,3,4,1,NA,5,1,3,Woman,19,White,4,Yes,,,
47,2020-02-05 12:32:32,2020-02-05 12:47:14,IP Address,100,882,True,2020-02-05 12:47:15,R_yQ3wc9FN9Z40QpP,anonymous,EN-GB,I consent to participate in this survey,Crescent Hall,F04C,,1,3,3,-1,2,-1,3,2,3,3,3,2,2,2,3,3,3,3,0,0,0,2,1,3,3,3,2,-2,-2,1,2,2,3,3,3,2,3,3,2,0,2,0,1,2,0,2,2,1,6,8,1,8,1,8,6,8,1,8,8,6,7,6,7,7,5,7,7,6,8,6,2,1,1,3,2,2,2,3,0,3,3,0,3,3,2,2,2,1,2,3,1,3,1,1,5,4,2,Woman,20,White,4,Yes,,,
48,2020-02-05 13:06:31,2020-02-05 13:19:01,IP Address,100,749,True,2020-02-05 13:19:01,R_2PzG46zqcTewaQF,anonymous,EN-GB,I consent to participate in this survey,Warneford Hall,,D07-B,2,2,2,1,2,3,-2,2,1,-2,3,2,2,1,2,2,2,2,2,2,1,2,2,-2,-2,2,2,1,-2,2,2,2,2,-2,-2,-2,3,2,2,2,2,2,2,2,2,2,2,2,7,7,6,6,3,7,5,5,7,7,5,7,5,5,7,7,7,7,6,6,6,7,2,2,1,-2,1,2,2,2,-1,2,2,2,2,2,2,2,1,4,2,5,1,2,1,1,3,2,2,Man,18,Asian / Asian British,3,No,India,India,10 days
49,2020-02-05 13:50:02,2020-02-05 13:59:49,IP Address,100,586,True,2020-02-05 13:59:49,R_XuLb2bjWem3szZf,anonymous,EN-GB,I consent to participate in this survey,Warneford Hall,,F02-C,3,3,2,1,3,-3,3,3,2,3,3,3,3,2,3,3,3,3,3,3,3,3,3,0,-2,3,3,0,0,3,3,3,3,2,3,3,3,-1,-1,3,3,3,3,3,3,3,3,3,7,7,7,7,1,4,5,4,7,7,7,7,7,7,7,7,7,7,7,7,7,7,3,3,3,3,3,3,0,3,3,3,3,3,3,3,5,1,1,5,4,3,1,4,1,1,2,5,1,Woman,20,White,4,Yes,,,
50,2020-02-05 14:22:35,2020-02-05 14:41:30,IP Address,100,1134,True,2020-02-05 14:41:30,R_T58zWte71P6BVgl,anonymous,EN-GB,I consent to participate in this survey,Warneford Hall,,F05-F,1,-2,1,2,2,-2,1,-3,1,0,2,0,2,1,3,2,3,NA,1,0,1,0,1,0,0,3,3,0,0,0,1,1,-2,0,0,3,3,-2,-2,-1,3,0,2,2,-2,0,-3,2,6,3,1,1,1,7,1,1,5,1,1,5,3,1,7,5,5,6,4,4,4,5,3,2,0,1,0,2,3,1,1,1,2,0,1,3,2,1,5,3,5,2,1,1,1,1,1,1,5,Woman,22,Asian / Asian British,5,No,Thailand,UK,15 years
51,2020-02-05 15:49:47,2020-02-05 15:59:25,IP Address,100,577,True,2020-02-05 15:59:25,R_XN5VsRfqMJduXWV,anonymous,EN-GB,I consent to participate in this survey,Warneford Hall,,D08-B,1,1,3,2,2,-1,-1,2,2,3,1,-1,3,-1,2,3,3,2,2,1,3,2,2,1,2,3,3,-2,-2,2,2,2,2,2,-2,2,3,1,2,2,1,1,2,2,1,0,2,3,7,5,5,1,6,5,5,2,6,5,6,6,5,5,6,7,5,6,6,6,6,4,2,3,3,3,3,3,3,3,1,3,2,2,2,3,4,4,5,3,2,4,2,1,2,3,4,2,4,Man,21,White,7 = Very liberal,Yes,,,
52,2020-02-05 19:49:16,2020-02-05 20:00:16,IP Address,100,659,True,2020-02-05 20:00:16,R_2yswJPRvv43YlBQ,anonymous,EN-GB,I consent to participate in this survey,Warneford Hall,,C01-D Adapted,1,-1,1,2,3,-2,3,2,2,2,3,-1,2,0,3,3,3,2,3,2,3,1,3,0,0,3,3,3,3,3,2,-1,-2,0,0,3,3,-2,-2,2,-3,1,3,3,3,3,1,-1,7,7,4,4,6,6,6,5,4,6,5,5,NA,7,6,7,7,7,6,7,1,7,2,2,0,-3,2,3,3,3,2,1,3,0,-3,3,3,4,4,3,2,2,3,4,3,2,4,4,4,Woman,26,White,4,Yes,,,
53,2020-02-06 01:47:09,2020-02-06 02:00:21,IP Address,100,791,True,2020-02-06 02:00:21,R_bDwJQfGmpLeHpcZ,anonymous,EN-GB,I consent to participate in this survey,Crescent Hall,E04B,,1,-1,1,-3,3,-1,3,2,3,2,1,3,3,-1,2,3,3,1,-1,2,2,2,2,1,-1,3,2,3,2,2,2,2,3,2,1,3,3,3,3,1,2,1,2,3,2,2,1,1,7,5,4,3,5,6,7,4,3,6,6,6,4,5,4,7,7,5,6,7,3,6,3,2,3,2,3,2,2,3,NA,3,3,0,3,3,1,1,2,1,2,2,1,1,1,1,3,2,1,Woman,19,White,2,Yes,,,
54,2020-02-06 02:17:20,2020-02-06 02:31:48,IP Address,100,868,True,2020-02-06 02:31:49,R_Qg39s6xRw604yhH,anonymous,EN-GB,I consent to participate in this survey,Warneford Hall,,D04-B,3,1,1,2,2,2,2,3,3,2,2,2,2,2,2,2,2,2,2,2,2,2,0,-2,-1,2,3,2,2,-2,2,3,3,2,1,3,3,-1,-1,1,-2,2,2,3,2,2,2,1,6,4,4,4,5,7,7,4,5,5,7,7,5,5,7,7,5,7,5,4,8,7,3,2,2,3,3,2,0,3,2,3,2,2,3,3,2,2,3,2,3,2,2,1,2,1,4,2,3,Woman,21,White,7 = Very liberal,Yes,,,
55,2020-02-06 04:35:57,2020-02-06 04:45:53,IP Address,100,595,True,2020-02-06 04:45:53,R_3PIi69idXicCqk8,anonymous,EN-GB,I consent to participate in this survey,Warneford Hall,,D03-B,0,2,1,0,3,-1,-3,2,0,2,2,2,3,1,-3,2,2,2,-2,1,2,1,3,-1,-1,2,2,-2,-2,0,2,2,2,1,-2,2,2,0,-1,2,0,2,1,2,2,2,-1,-1,7,5,5,3,6,5,7,3,5,6,3,7,5,5,7,6,7,7,6,4,3,7,2,0,2,2,3,1,1,3,-2,2,2,1,2,2,4,4,5,5,4,3,3,2,2,3,3,4,3,Woman,21,White,6,Yes,,,
56,2020-02-06 06:10:48,2020-02-06 06:36:12,IP Address,100,1524,True,2020-02-06 06:36:13,R_AySZxM5ZkZgupJT,anonymous,EN-GB,I consent to participate in this survey,Crescent Hall,L03A,,0,0,1,2,2,-1,3,2,2,0,-1,2,1,1,2,2,2,1,1,-1,-1,1,2,1,1,2,2,2,2,0,1,2,2,2,1,2,3,-2,-2,2,0,-2,2,2,0,0,2,2,6,2,3,1,4,5,5,1,6,4,5,7,5,4,7,7,1,7,7,6,6,7,2,0,1,1,2,1,2,1,0,0,1,0,0,2,2,3,3,5,3,4,2,2,4,3,3,3,3,Woman,23,White,5,No,Poland,Poland,5 months
57,2020-02-06 06:43:12,2020-02-06 06:58:57,IP Address,100,944,True,2020-02-06 06:58:57,R_2uO29A8bfmRbfS8,anonymous,EN-GB,I consent to participate in this survey,Warneford Hall,,E09-D,2,1,-1,1,0,-1,0,1,1,0,1,1,0,2,1,1,1,1,0,-2,-2,2,0,-3,-3,1,1,0,0,2,2,-1,-1,0,0,1,2,-2,-1,1,2,1,2,2,-1,1,-2,0,4,3,1,2,2,2,3,2,3,2,3,5,7,4,6,7,3,7,5,4,5,6,2,0,2,1,2,2,1,0,1,0,0,1,1,2,2,3,3,4,3,4,4,3,3,3,3,5,5,Man,25,White,3,No,Italy,Italy,1 month
58,2020-02-06 09:00:55,2020-02-06 09:15:21,IP Address,100,866,True,2020-02-06 09:15:22,R_29dd9tmC9X58KJ0,anonymous,EN-GB,I consent to participate in this survey,Crescent Hall,A02B,,3,0,3,-3,3,-3,3,3,2,3,2,0,2,0,3,2,2,-2,-3,3,2,2,1,0,0,3,3,0,0,2,2,0,0,1,2,3,3,0,0,2,1,2,3,2,2,2,1,2,7,5,7,2,7,7,7,3,7,6,8,7,7,7,7,7,7,7,7,7,8,7,3,3,3,3,3,2,3,3,3,3,3,3,3,3,4,5,3,3,3,4,4,4,3,4,4,5,5,Woman,20,Black / African / Caribbean / Black British,7 = Very liberal,Yes,,,
59,2020-02-06 09:12:13,2020-02-06 09:19:51,IP Address,100,458,True,2020-02-06 09:19:52,R_20YGDOsx1v3BJZ2,anonymous,EN-GB,I consent to participate in this survey,Crescent Hall,B02D,,3,-1,1,2,3,0,3,1,3,2,3,0,2,-1,3,3,2,2,1,-2,0,0,1,2,1,3,3,0,0,2,2,0,0,0,0,3,2,3,-3,3,3,3,3,3,3,3,3,3,6,1,1,5,1,5,4,2,7,6,5,7,NA,7,7,7,5,7,7,4,6,7,2,2,0,2,2,3,0,0,3,2,3,0,3,2,5,4,5,3,3,2,5,5,5,5,5,4,3,Man,22,Black / African / Caribbean / Black British,2,No,Tanzania ,United Kingdom,17 years
60,2020-02-06 10:51:46,2020-02-06 11:04:21,IP Address,100,755,True,2020-02-06 11:04:22,R_2Xpq7EvHOIdrrUh,anonymous,EN-GB,I consent to participate in this survey,Warneford Hall,,E07-B,2,0,0,0,3,1,2,0,2,2,2,1,1,0,2,2,2,1,2,0,1,3,3,1,2,2,2,0,-1,2,1,2,2,1,1,3,3,-1,0,0,2,1,1,1,1,0,-1,1,6,5,5,8,5,6,5,8,4,5,5,6,6,6,6,7,2,7,7,6,6,5,1,1,3,2,3,3,3,3,1,1,3,1,1,3,3,2,1,1,3,2,2,4,2,1,5,2,2,Woman,20,White,4,No,Romania,Romania,3weeks
61,2020-02-06 13:38:13,2020-02-06 13:48:06,IP Address,100,592,True,2020-02-06 13:48:07,R_3htfWp7WoHHvBIY,anonymous,EN-GB,I consent to participate in this survey,Warneford Hall,,A09-F,3,2,2,-2,3,-2,3,2,2,-2,3,-2,3,2,-2,3,3,3,2,-2,-2,3,3,3,3,3,3,-2,-3,2,3,2,3,2,3,3,3,3,3,3,3,3,3,3,2,3,-2,2,5,2,2,2,5,5,6,5,6,3,2,7,5,7,7,7,2,7,7,7,7,7,3,3,3,3,3,3,3,3,3,3,3,3,3,3,2,1,2,4,2,2,4,5,1,1,5,4,4,Woman,22,White,3,Yes,,,
62,2020-02-07 12:34:05,2020-02-07 13:24:45,IP Address,100,3039,True,2020-02-07 13:24:46,R_2fCE1hXB2J1tFbY,anonymous,EN-GB,I consent to participate in this survey,Warneford Hall,,D04-A,1,0,2,0,3,1,3,1,1,-1,2,0,2,-1,0,3,2,3,1,2,1,2,3,-1,-1,3,-3,1,1,1,-1,0,0,1,2,3,3,1,1,2,2,2,2,2,2,2,3,3,7,5,5,1,6,6,6,4,4,6,2,6,7,7,7,7,7,7,7,7,6,6,0,2,0,NA,1,1,0,3,2,3,2,3,3,3,2,2,3,3,2,3,1,3,2,2,4,3,2,Man,22,White,6,Yes,,,
63,2020-02-07 15:08:02,2020-02-07 15:30:40,IP Address,100,1357,True,2020-02-07 15:30:40,R_3lAmQGiJvuswinF,anonymous,EN-GB,I consent to participate in this survey,Crescent Hall,C03A,,1,3,2,2,2,1,3,0,3,2,-1,3,2,3,2,2,2,2,2,2,2,2,1,-1,0,2,3,0,1,2,2,3,3,0,0,2,3,0,1,2,2,2,3,2,3,2,2,2,7,6,7,5,5,7,7,3,6,6,5,7,6,7,7,7,7,7,7,6,6,7,2,1,2,0,2,1,1,2,0,2,1,1,2,3,1,2,4,3,4,3,3,2,2,4,3,3,4,Woman,21,White,6,Yes,,,
64,2020-02-07 16:34:18,2020-02-07 16:41:13,IP Address,100,415,True,2020-02-07 16:41:13,R_3KTH7D2igQsB1x0,anonymous,EN-GB,I consent to participate in this survey,Warneford Hall,,F03-D,-3,2,1,2,2,2,1,2,2,2,2,3,2,2,1,-1,1,1,-1,-1,2,3,1,0,2,1,1,-2,2,3,0,2,-1,0,1,1,1,0,0,2,3,0,2,2,2,2,2,3,5,6,5,5,6,5,7,5,4,7,7,5,7,6,5,6,6,7,6,7,6,6,3,2,2,2,3,3,2,2,3,3,3,3,3,3,5,4,4,4,4,5,2,4,5,5,5,4,5,Man,22,White,4,No,Poland,Poland,4 years
65,2020-02-07 17:01:44,2020-02-07 17:18:48,IP Address,100,1023,True,2020-02-07 17:18:49,R_2X5Jtl2cXYulolI,anonymous,EN-GB,I consent to participate in this survey,Crescent Hall,J04E,,3,2,2,2,3,-1,3,3,2,3,3,2,3,-2,3,2,3,3,1,-1,0,3,2,-2,-2,3,3,2,2,2,2,2,2,3,3,3,3,2,3,2,3,2,2,3,2,2,3,3,6,1,4,3,3,5,7,1,6,4,4,6,7,7,5,7,5,7,3,5,1,5,2,2,2,2,2,2,1,2,-1,3,2,0,1,2,5,2,2,4,2,2,2,3,3,2,4,3,5,Woman,18,White,5,Yes,,,
66,2020-02-10 03:48:15,2020-02-10 03:58:24,IP Address,100,608,True,2020-02-10 03:58:24,R_27DLv2xMZzqnSvx,anonymous,EN-GB,I consent to participate in this survey,Crescent Hall,A04D,,1,-1,1,-3,2,-2,3,-1,2,0,1,2,1,-1,1,-2,2,2,2,-2,-2,2,2,-2,-2,1,0,-3,-3,-1,-1,2,-2,-1,0,1,2,-3,-3,2,2,2,-1,2,-2,2,-2,-2,5,1,2,2,1,1,2,1,3,1,3,4,5,3,3,6,1,5,4,4,5,4,1,-2,-1,1,1,0,1,1,0,1,1,1,2,1,4,4,3,3,2,5,1,3,2,2,4,2,3,Man,19,White,4,Yes,,,
67,2020-02-10 03:56:40,2020-02-10 04:06:09,IP Address,100,569,True,2020-02-10 04:06:10,R_2TStsTnVscm1uDi,anonymous,EN-GB,I consent to participate in this survey,Crescent Hall,F01G,,3,3,2,3,3,3,3,3,2,3,3,3,3,3,3,3,3,3,3,3,3,3,3,-1,-1,3,3,0,0,3,3,3,3,3,3,3,3,1,3,3,0,3,3,3,3,3,3,3,7,4,4,4,4,7,7,4,7,4,4,7,7,7,7,7,1,7,7,7,4,7,3,3,3,3,3,3,3,3,3,3,3,2,3,3,3,3,1,1,4,4,1,1,1,3,3,4,1,Man,18,White,4,No,Hong Kong ,Uk,16 years
68,2020-02-10 03:59:43,2020-02-10 04:07:59,IP Address,100,495,True,2020-02-10 04:07:59,R_25MwrEhKFvwFjwE,anonymous,EN-GB,I consent to participate in this survey,Crescent Hall,K03A,,1,-1,1,1,1,-1,2,1,2,1,-1,-1,-1,1,2,1,0,0,0,-1,1,-2,-1,-1,1,1,2,-1,-1,1,1,0,0,-1,-1,1,2,1,0,0,-3,2,-2,2,1,0,0,1,5,3,5,1,5,4,5,3,1,2,4,3,2,3,2,7,3,2,7,3,3,2,0,0,-2,2,-2,-2,0,1,0,1,2,-1,2,1,3,3,2,4,3,3,2,2,2,3,2,2,2,Woman,19,Asian / Asian British,4,Yes,,,
69,2020-02-10 04:04:06,2020-02-10 04:15:56,IP Address,100,709,True,2020-02-10 04:15:56,R_3ELrjNmtB2egwGz,anonymous,EN-GB,I consent to participate in this survey,Warneford Hall,,A05-E,3,2,2,0,3,-2,2,1,1,2,1,1,2,2,3,2,3,0,-1,2,2,-1,0,0,0,3,2,-1,-2,2,2,2,2,2,2,3,2,-2,-3,2,2,0,2,2,1,2,3,0,7,5,6,3,6,4,5,4,5,5,6,5,6,5,7,6,2,7,7,3,7,6,3,2,3,2,3,2,2,3,1,2,2,2,3,3,3,3,3,4,2,4,2,4,3,2,4,4,3,Woman,21,Asian / Asian British,7 = Very liberal,No,Philippines ,UK,Since I was 8
70,2020-02-10 03:58:21,2020-02-10 04:15:57,IP Address,100,1056,True,2020-02-10 04:15:58,R_2rvJXvdJoihzroO,anonymous,EN-GB,I consent to participate in this survey,Crescent Hall,L06B,,-1,3,2,2,-1,-3,-3,1,2,0,2,3,0,-3,2,3,3,3,0,2,2,-1,2,1,-1,1,2,2,-1,-3,2,-1,3,2,3,0,3,0,-2,1,-1,0,2,2,0,-1,2,1,5,7,6,7,7,7,7,4,7,7,5,7,6,7,7,7,5,6,7,7,7,7,3,3,3,3,3,3,3,2,2,2,3,3,2,3,3,3,2,4,4,3,2,3,3,2,3,3,2,Man,25,Asian / Asian British,4,No,India,India,1 month 
71,2020-02-10 04:44:13,2020-02-10 05:02:58,IP Address,100,1124,True,2020-02-10 05:02:58,R_3MzI53J7LwsxEM3,anonymous,EN-GB,I consent to participate in this survey,Crescent Hall,L01C,,3,-2,3,2,3,-2,-1,2,3,0,-1,0,0,2,3,-1,1,3,-2,-2,-3,2,2,2,2,2,2,3,2,-1,-1,2,3,2,2,3,3,0,0,2,0,0,1,1,-1,0,0,0,7,1,3,1,1,2,7,1,2,1,1,2,2,2,7,5,6,7,6,5,7,6,1,0,0,2,1,2,2,2,1,0,0,-1,2,2,4,3,4,4,2,4,2,4,2,4,5,2,4,Woman,28,White,6,No,Germany,Germany,4 months
72,2020-02-10 05:13:18,2020-02-10 05:29:46,IP Address,100,988,True,2020-02-10 05:29:47,R_XYON4MKsYpyCUQF,anonymous,EN-GB,I consent to participate in this survey,Crescent Hall,B01C,,3,1,2,2,3,-1,3,3,2,3,-1,2,2,2,3,1,2,2,2,1,0,2,2,0,1,3,3,2,1,2,1,2,2,2,2,2,3,2,2,1,1,1,1,2,2,2,2,2,6,3,3,3,5,5,8,3,4,3,1,5,7,7,7,7,5,7,7,6,8,6,2,2,2,2,2,2,1,2,2,1,1,-1,2,3,1,2,2,4,1,2,1,2,2,3,2,3,5,Man,28,Black / African / Caribbean / Black British,5,No,France,France,17 months
73,2020-02-10 05:19:22,2020-02-10 05:48:24,IP Address,100,1741,True,2020-02-10 05:48:24,R_3CTquroZNXAQNAi,anonymous,EN-GB,I consent to participate in this survey,Crescent Hall,K04C,,2,-1,0,-1,-1,-2,2,0,1,-2,2,2,1,-2,1,2,2,2,2,-2,0,2,3,1,0,0,1,2,2,2,2,3,3,0,-1,0,2,-2,-2,1,-2,0,2,2,2,1,2,2,5,3,4,1,5,4,6,1,2,3,1,7,7,5,7,6,2,6,6,6,4,5,1,2,1,2,2,3,3,2,-1,2,0,1,1,3,4,4,4,4,3,4,4,4,2,3,2,4,4,Man,19,White,4,Yes,,,
74,2020-02-10 06:04:14,2020-02-10 06:26:49,IP Address,100,1355,True,2020-02-10 06:26:50,R_2YlmlgWazQIFfxo,anonymous,EN-GB,I consent to participate in this survey,Crescent Hall,E04G,,2,-1,2,3,3,-1,2,3,3,3,1,2,1,2,2,0,1,1,2,-1,-1,3,1,1,2,3,3,1,2,1,1,3,3,1,1,2,3,1,1,2,2,1,1,2,-1,1,2,-1,5,2,5,1,2,5,7,1,4,2,4,6,5,6,7,7,7,7,6,5,5,6,1,2,2,0,2,2,2,2,0,1,1,-1,0,3,5,3,2,2,1,1,2,3,1,2,5,5,4,Woman,24,White,6,No,Germany,Germany,3 weeks
75,2020-02-10 06:47:54,2020-02-10 06:56:59,IP Address,100,545,True,2020-02-10 06:57:00,R_3k6sVAFvtJS2kbQ,anonymous,EN-GB,I consent to participate in this survey,Crescent Hall,L06F,,-3,-1,1,3,-3,-3,3,-2,0,-3,1,3,0,-1,3,-2,-3,3,0,0,0,3,3,1,-2,-1,2,0,0,1,3,-1,1,3,1,0,-2,0,-1,1,3,0,-3,0,-3,3,-3,3,8,4,7,4,4,4,4,7,7,7,7,4,1,4,7,8,4,8,1,7,3,7,3,-1,1,2,1,3,3,-3,-3,1,2,0,0,2,1,NA,1,1,1,1,1,1,1,5,4,3,2,Man,21,Asian / Asian British,7 = Very liberal,No,India,India,5 months
76,2020-02-10 07:41:27,2020-02-10 07:57:51,IP Address,100,984,True,2020-02-10 07:57:51,R_3fNJQSBqOA3TWwj,anonymous,EN-GB,I consent to participate in this survey,Crescent Hall,L03E,,3,2,2,1,3,0,2,2,2,3,-1,-3,3,1,3,-1,3,-1,2,-3,-2,2,1,1,2,3,3,-2,-2,2,1,-3,-3,2,1,-2,2,-2,-2,-1,2,2,-1,1,-2,0,-2,1,6,1,1,1,5,5,7,1,2,1,1,6,5,7,6,7,3,7,6,6,2,7,1,1,0,-1,2,3,3,3,2,0,2,0,3,3,2,2,1,5,2,3,4,2,1,2,3,5,4,Man,23,Black / African / Caribbean / Black British,4,No,Belgium,Belgium,6 months
77,2020-02-10 07:38:32,2020-02-10 07:59:36,IP Address,100,1264,True,2020-02-10 07:59:37,R_2UVJEprSTFPkSq0,anonymous,EN-GB,I consent to participate in this survey,Crescent Hall,L04F,,3,0,2,-3,3,1,3,1,3,3,3,-2,1,0,3,-1,3,2,-1,2,0,-1,2,1,0,2,0,1,1,3,3,3,3,0,0,3,3,-3,-3,3,3,3,3,3,3,3,3,3,1,4,1,1,4,1,4,1,1,6,1,5,7,6,7,7,6,7,7,6,6,6,3,3,3,3,3,3,3,3,1,2,0,0,0,3,4,2,2,5,2,3,1,3,2,2,5,4,3,Man,,Black / African / Caribbean / Black British,2,Yes,,,
78,2020-02-10 08:05:44,2020-02-10 08:16:51,IP Address,100,667,True,2020-02-10 08:16:51,R_1FFH6AV6ZMpjW3M,anonymous,EN-GB,I consent to participate in this survey,Crescent Hall,D01C,,-2,2,0,1,2,-1,2,0,-1,1,2,-1,0,2,2,2,3,2,0,-2,0,2,2,-2,-1,1,1,2,-2,2,3,-1,-2,3,3,3,2,-2,-2,-1,2,0,1,2,0,-1,1,1,5,7,3,2,3,1,7,2,3,4,2,4,6,6,3,7,1,7,6,2,5,4,1,-2,2,1,2,2,2,0,-2,0,0,0,0,2,2,2,3,3,2,1,1,2,1,2,2,3,1,Man,19,White,5,Yes,,,
79,2020-02-10 09:07:08,2020-02-10 09:17:28,IP Address,100,620,True,2020-02-10 09:17:29,R_1rdAzDH1pdDUmYE,anonymous,EN-GB,I consent to participate in this survey,Crescent Hall,D04G,,3,2,3,0,3,-3,3,2,2,2,3,-1,3,-1,3,3,3,3,2,2,3,3,3,-2,-1,3,2,-2,-3,3,2,2,2,0,-1,3,3,2,2,3,1,-2,3,3,3,3,2,3,6,7,5,7,7,7,5,6,7,7,7,7,7,7,7,7,3,7,7,7,7,7,3,3,3,3,3,2,3,2,-3,3,1,0,1,3,5,2,5,5,5,5,4,5,3,4,2,5,5,Woman,19,Black / African / Caribbean / Black British,4,No,Nigeria,Nigeria,5 months
80,2020-02-10 09:35:39,2020-02-10 09:58:12,IP Address,100,1353,True,2020-02-10 09:58:13,R_3P4v0xtsoBdbTQ8,anonymous,EN-GB,I consent to participate in this survey,Crescent Hall,J01A,,-1,0,1,0,1,-1,3,1,1,2,2,NA,1,2,1,-2,3,1,1,0,0,1,-1,0,0,1,2,1,0,1,1,2,2,0,0,2,3,-3,-2,3,1,0,2,2,1,0,0,2,6,8,3,1,2,5,5,1,6,3,2,4,6,4,4,5,1,7,5,4,5,5,2,2,2,0,3,1,1,1,-1,1,1,0,1,2,5,3,4,4,5,5,3,3,2,3,NA,4,4,Woman,19,White,5,Yes,,,
81,2020-02-10 10:43:52,2020-02-10 10:52:22,IP Address,100,510,True,2020-02-10 10:52:22,R_1K2vjobDl85Ny42,anonymous,EN-GB,I consent to participate in this survey,Crescent Hall,K03E,,1,3,1,2,3,2,3,3,1,3,-1,3,2,1,3,1,-2,1,3,1,1,2,0,0,0,3,2,-1,-1,3,1,3,3,0,NA,0,3,1,0,0,0,0,0,0,1,0,0,0,4,4,4,4,4,4,5,4,4,4,4,4,4,4,3,4,4,5,4,4,4,4,1,-1,0,0,0,-1,0,-1,1,0,0,1,0,0,3,3,3,3,3,3,3,3,3,3,3,3,3,Woman,19,White,4,Yes,,,
82,2020-02-10 11:24:18,2020-02-10 11:38:36,IP Address,100,857,True,2020-02-10 11:38:36,R_2Y5SvSpMMfzQbiR,anonymous,EN-GB,I consent to participate in this survey,Crescent Hall,L06A,,1,-1,1,1,0,0,1,-1,1,-1,1,0,1,-1,1,2,2,2,0,2,0,1,3,-2,-1,1,-1,1,0,0,0,-1,1,-1,2,2,-1,-2,1,2,1,1,1,0,-1,1,1,1,7,5,3,5,4,6,6,5,5,5,6,6,7,7,7,7,4,7,6,7,7,7,1,2,1,2,2,2,3,1,1,0,0,1,2,1,3,4,4,4,4,3,2,3,3,4,3,3,3,Woman,20,Asian / Asian British,3,No,Japan,Japan,6months
83,2020-02-10 12:18:12,2020-02-10 12:34:28,IP Address,100,975,True,2020-02-10 12:34:28,R_OGOaGHxTitzuYN3,anonymous,EN-GB,I consent to participate in this survey,Warneford Hall,,D09-D,3,0,3,1,3,-3,3,2,3,3,0,2,3,2,3,2,3,0,0,2,2,2,3,2,2,3,3,0,0,1,1,1,1,0,0,2,3,-2,-2,0,3,3,3,2,2,1,3,3,7,2,5,1,4,4,7,2,2,4,6,5,4,5,7,7,5,7,7,7,4,4,3,3,3,3,3,3,3,3,2,3,3,3,3,3,3,4,4,5,4,5,3,3,4,4,3,5,3,Woman,20,White,6,No,France,France,3 years
84,2020-02-10 21:08:29,2020-02-10 21:19:32,IP Address,100,662,True,2020-02-10 21:19:32,R_2QPoxOVlFS7DJjN,anonymous,EN-GB,I consent to participate in this survey,Crescent Hall,J06C,,3,-1,2,3,3,-2,3,3,3,3,2,0,3,-1,3,2,2,0,0,3,3,3,3,-1,0,3,3,2,2,3,3,2,2,2,2,3,3,2,1,2,-2,0,2,2,2,2,2,2,6,6,7,5,7,7,8,5,5,7,7,7,7,6,7,7,7,7,7,7,6,7,3,3,3,3,3,3,3,2,-1,2,0,0,2,2,3,3,3,3,3,4,1,2,2,2,5,5,3,Woman,19,Other ethnic group,5,No,Chile,Chile and Finland,Almost a year
85,2020-02-11 06:20:31,2020-02-11 06:51:45,IP Address,100,1874,True,2020-02-11 06:51:46,R_3fedS5c1Hr9F3yS,anonymous,EN-GB,I consent to participate in this survey,Warneford Hall,,D03-F,0,2,1,-1,3,-3,3,1,2,2,1,3,2,3,3,2,3,1,1,1,2,0,2,-2,-1,2,3,1,1,2,2,3,2,0,0,3,3,-1,-2,0,2,2,1,0,1,1,2,1,6,4,4,1,5,5,7,2,5,4,5,7,6,4,7,6,5,7,7,5,6,6,2,2,3,1,2,3,1,3,1,2,2,1,2,3,2,2,3,3,2,3,2,3,2,2,4,2,4,Woman,21,White,5,Yes,,,
86,2020-02-12 04:30:08,2020-02-12 04:40:08,IP Address,100,599,True,2020-02-12 04:40:09,R_3KDYpZAU5rUwpLC,anonymous,EN-GB,I consent to participate in this survey,Warneford Hall,,F08-B,2,2,1,1,1,-1,3,2,3,3,-1,0,-1,-2,2,3,2,2,0,1,2,3,3,-2,0,1,2,-1,-1,1,1,1,1,3,2,3,3,0,-3,-1,3,1,1,2,2,1,1,0,NA,5,6,2,3,4,5,6,4,5,7,7,5,3,5,6,7,7,4,4,7,7,3,3,3,3,3,3,3,3,-1,2,1,0,2,3,4,2,4,4,3,5,1,2,2,1,4,5,5,Woman,21,White,6,No,Poland,Poland/Scotland,12 years
87,2020-02-20 10:15:35,2020-02-20 10:25:54,IP Address,100,618,True,2020-02-20 10:25:54,R_2QYXI2wxg7BeJNx,anonymous,EN-GB,I consent to participate in this survey,Warneford Hall,,D01-D Adapted,-3,-2,1,-2,2,-2,2,-2,3,1,-2,0,0,-3,2,2,2,1,2,-2,0,0,-2,-2,-2,3,-2,0,2,1,2,1,3,0,1,2,-3,-2,-2,-1,2,1,0,0,-2,0,2,0,4,3,1,1,3,7,4,1,1,5,1,4,5,5,7,7,1,6,4,5,1,4,0,0,2,2,2,-1,2,2,1,2,2,2,2,2,3,3,3,3,3,3,3,3,3,1,3,3,3,Man,21,Black / African / Caribbean / Black British,4,No,Nigeria ,Nigeria / England i,2009
88,2020-02-25 15:09:36,2020-02-25 15:20:18,IP Address,100,642,True,2020-02-25 15:20:18,R_24M14aoTYuQAlXw,anonymous,EN-GB,I consent to participate in this survey,Warneford Hall,,E08-D,-1,1,1,2,1,-1,3,1,0,2,1,3,0,2,2,2,3,2,1,0,1,2,1,-1,0,1,1,0,0,1,1,3,2,0,0,2,2,-2,-2,1,1,2,2,2,2,2,2,2,5,4,4,3,5,6,6,3,5,5,8,6,4,5,7,7,3,7,5,5,5,6,1,1,2,-2,1,2,0,2,0,2,1,0,0,3,2,2,1,4,3,1,1,1,4,2,2,5,3,Woman,20,Mixed / Multiple ethnic groups,5,No,Canada,Canada,This semester (a month and a half or so?)
,,,,,,,,,,,,,,,,,,,,,,,,,,,,,,,,,,,,,1.64772727272727,-0.329545454545454,,,,,,,,,,,,,,,,,,,,,,,,,,,,,,,,,,,,,,,,,,,,,,,,,,,,,,,,,,,,,,,,,,,,,,,,,,,,,,,,,
